band,power
delta,5.963900504056433e-11
theta,6.383070699295191e-12
alpha,3.689802824391486e-12
beta,4.24530898184598e-12
gamma,1.9389241663059323e-12