{
  "dataset": "chbmit",
  "model": "eegnet",
  "epochs_requested": 25,
  "batch_size": 64,
  "lr": 0.0003,
  "weight_decay": 0.01,
  "seed": 42,
  "device": "cuda:0",
  "loss": "focal",
  "scheduler": "onecycle",
  "dropout": 0.3,
  "base_channels": 32,
  "F1": 16,
  "D": 2,
  "kernel_length": 32,
  "final_test": {
    "threshold": 0.42,
    "auroc": 0.6935065913199073,
    "auprc": 0.5221551726343537,
    "accuracy": 0.5604399190653352,
    "precision": 0.3847853025160282,
    "recall": 0.7769799825935596,
    "f1": 0.5146830973228119,
    "specificity": 0.46764568764568765,
    "tp": 7142,
    "fp": 11419,
    "tn": 10031,
    "fn": 2050
  }
}