{
  "vanilla_lstm": {
    "accuracy": 0.6447359832909079,
    "sensitivity": 0.31385987815491734,
    "specificity": 0.7865268065268065,
    "f1": 0.34642170989433235,
    "auc": 0.5628607322471552,
    "time": 3401.3
  },
  "bilstm": {
    "accuracy": 0.6825272501794922,
    "sensitivity": 0.2597911227154047,
    "specificity": 0.8636829836829837,
    "f1": 0.329288472145615,
    "auc": 0.6113861425055942,
    "time": 6488.0
  },
  "attention_bilstm": {
    "accuracy": 0.6925788133933817,
    "sensitivity": 0.27306353350739776,
    "specificity": 0.8723543123543124,
    "f1": 0.3476454293628809,
    "auc": 0.6405539173620114,
    "time": 7500.8
  },
  "cnn_lstm": {
    "accuracy": 0.6818745512694994,
    "sensitivity": 0.5691906005221932,
    "specificity": 0.7301631701631701,
    "f1": 0.5177122501484267,
    "auc": 0.7117961093156915,
    "time": 2142.6
  }
}