onset	duration	trial_type	value	sample
0.0	0.0	extreme	1	0
30.00390625	0.0	extreme	1	7681
60.0078125	0.0	extreme	1	15362
90.01171875	0.0	traditional	2	23043
120.015625	0.0	traditional	2	30724
150.01953125	0.0	traditional	2	38405
